{"initial_reset_timestamp": 1521612762.0006306, "timestamps": [1521612798.7625704, 1521612836.1036172, 1521612866.5622132, 1521612896.9926789, 1521612938.6423428, 1521612982.608298], "episode_lengths": [238, 234, 191, 190, 262, 278], "episode_rewards": [1.0, 1.0, 0.0, 0.0, 2.0, 2.0], "episode_types": ["t", "t", "t", "t", "t", "t", "t"]}