{"initial_reset_timestamp": 1521654397.2312846, "timestamps": [1521654557.0653176, 1521654737.645402, 1521654914.365797], "episode_lengths": [1021, 1143, 1121], "episode_rewards": [-21.0, -21.0, -21.0], "episode_types": ["t", "t", "t", "t"]}