{"initial_reset_timestamp": 1521615123.6158643, "timestamps": [1521615296.7229812, 1521615520.1454737, 1521615707.2173948, 1521615883.6433713, 1521616071.62767, 1521616270.5892582, 1521616459.757673, 1521616628.5294359, 1521616827.9216049, 1521616999.254785, 1521617181.0863464, 1521617418.64785, 1521617652.9930327, 1521617841.801531, 1521618034.1469243, 1521618247.3965776, 1521618412.4564598, 1521618648.4543726], "episode_lengths": [1085, 1400, 1175, 1105, 1175, 1241, 1185, 1056, 1250, 1069, 1135, 1483, 1468, 1180, 1203, 1334, 1031, 1473], "episode_rewards": [-21.0, -21.0, -21.0, -21.0, -21.0, -20.0, -21.0, -21.0, -20.0, -21.0, -21.0, -19.0, -20.0, -21.0, -20.0, -21.0, -21.0, -20.0], "episode_types": ["t", "t", "t", "t", "t", "t", "t", "t", "t", "t", "t", "t", "t", "t", "t", "t", "t", "t", "t"]}