{"initial_reset_timestamp": 1521658492.0977867, "timestamps": [1521658651.717967, 1521658817.461938, 1521659023.8460724, 1521659198.0018995, 1521659389.7765443, 1521659556.946495, 1521659722.8159816, 1521659883.5729606, 1521660059.1183074, 1521660216.78455, 1521660384.5796804, 1521660548.9109576, 1521660720.6180403, 1521660878.5288465, 1521661096.3781717, 1521661272.8256197, 1521661439.2061343, 1521661605.7903845, 1521661765.61715, 1521661947.9731505, 1521662104.9146786, 1521662313.9212375], "episode_lengths": [1018, 1050, 1311, 1108, 1216, 1056, 1052, 1019, 1114, 998, 1065, 1038, 1090, 1000, 1384, 1121, 1056, 1061, 1013, 1155, 998, 1331], "episode_rewards": [-21.0, -21.0, -19.0, -20.0, -19.0, -21.0, -21.0, -21.0, -20.0, -21.0, -21.0, -21.0, -21.0, -21.0, -19.0, -20.0, -21.0, -21.0, -21.0, -21.0, -21.0, -18.0], "episode_types": ["t", "t", "t", "t", "t", "t", "t", "t", "t", "t", "t", "t", "t", "t", "t", "t", "t", "t", "t", "t", "t", "t", "t"]}