{"initial_reset_timestamp": 1521622021.32982, "timestamps": [1521622304.2296124, 1521622462.6139612, 1521622660.0905561, 1521622837.032636, 1521622995.9818943, 1521623159.2704902, 1521623317.62727, 1521623513.4820457, 1521623703.2502313, 1521623865.3304172, 1521624081.4375489, 1521624256.0668094, 1521624419.7425644, 1521624611.8151526, 1521624777.0331757, 1521624941.8360696], "episode_lengths": [1816, 1010, 1264, 1134, 1017, 1048, 1019, 1260, 1223, 1043, 1396, 1114, 1050, 1224, 1058, 1056], "episode_rewards": [-17.0, -21.0, -20.0, -21.0, -21.0, -21.0, -21.0, -19.0, -20.0, -21.0, -20.0, -20.0, -21.0, -20.0, -21.0, -21.0], "episode_types": ["t", "t", "t", "t", "t", "t", "t", "t", "t", "t", "t", "t", "t", "t", "t", "t", "t"]}