{"initial_reset_timestamp": 1521627819.9365118, "timestamps": [1521628056.1508706, 1521628248.5058472, 1521628421.9074953, 1521628604.24545, 1521628776.6026013, 1521628995.7202148, 1521629185.8332694, 1521629368.686888, 1521629618.582782, 1521629872.352291, 1521630030.8620703, 1521630228.5372248, 1521630419.122443, 1521630578.247887, 1521630790.889957, 1521631013.078012, 1521631262.1455283, 1521631450.3317873, 1521631636.9784708, 1521631844.2987099, 1521632082.714448, 1521632246.5590658, 1521632441.7732687, 1521632619.230902, 1521632827.1746945, 1521633008.926677, 1521633207.4401567, 1521633374.4828434, 1521633619.122682, 1521633795.418209, 1521633987.9929938, 1521634189.3654616, 1521634389.8946018, 1521634560.3296814, 1521634758.9275239, 1521634985.6882966, 1521635192.8530657, 1521635398.4522452, 1521635598.259114, 1521635828.0031579, 1521636047.2116516, 1521636277.6017394, 1521636496.710688, 1521636668.0979507, 1521636854.763552, 1521637067.529786, 1521637253.4846687, 1521637443.4044907, 1521637647.1124291, 1521637810.9486508, 1521637976.1489491, 1521638182.2643328, 1521638397.9448469, 1521638598.0834491, 1521638810.117402, 1521639064.5977514, 1521639237.138282, 1521639507.694053, 1521639693.0520134, 1521639863.6873963, 1521640082.3376772, 1521640274.3345292, 1521640482.736644, 1521640666.6322088, 1521640860.38567, 1521641045.062845, 1521641233.4835405, 1521641397.7557888, 1521641595.706071, 1521641757.3282914, 1521641957.3965333, 1521642177.5757177, 1521642392.4174109, 1521642581.7947388, 1521642813.4437861, 1521642983.5035605, 1521643156.7029662, 1521643340.6961145, 1521643519.5504682, 1521643698.379649, 1521643908.201079, 1521644089.6585162, 1521644281.583003, 1521644462.5633066, 1521644667.9442902, 1521644889.850194, 1521645078.0726411, 1521645248.7129564, 1521645427.0596898, 1521645589.5666156, 1521645753.9046764, 1521645956.6686058, 1521646121.4435537, 1521646303.1922166, 1521646477.8692045, 1521646694.7772274, 1521646941.542188, 1521647151.379334, 1521647356.8833427, 1521647527.9892514, 1521647707.016252, 1521647908.423871, 1521648091.895585, 1521648265.5821512, 1521648455.6396623, 1521648632.2815273, 1521648794.5366104, 1521648955.922487, 1521649135.0952945, 1521649307.3891053, 1521649478.709067, 1521649675.7710319, 1521649903.7375646, 1521650074.317393, 1521650271.049677, 1521650482.1349957, 1521650654.8461182, 1521650894.4588342, 1521651080.2007287, 1521651283.74412, 1521651478.0058832, 1521651675.5995076, 1521651846.064265, 1521652035.3096564, 1521652218.116184, 1521652378.8976257, 1521652597.625102, 1521652829.9872224, 1521653047.7822735, 1521653220.551057, 1521653394.5070436, 1521653552.529056, 1521653738.7487974, 1521653962.2463362], "episode_lengths": [1514, 1228, 1106, 1163, 1100, 1403, 1213, 1169, 1596, 1627, 1013, 1264, 1221, 1019, 1362, 1424, 1582, 1179, 1160, 1292, 1484, 1017, 1219, 1104, 1296, 1131, 1240, 1044, 1532, 1100, 1201, 1262, 1249, 1064, 1242, 1416, 1295, 1284, 1251, 1441, 1372, 1444, 1375, 1074, 1166, 1330, 1162, 1192, 1280, 1025, 1032, 1285, 1347, 1248, 1321, 1596, 1077, 1697, 1159, 1070, 1370, 1203, 1308, 1146, 1214, 1154, 1182, 1018, 1234, 1011, 1249, 1377, 1340, 1178, 1437, 1060, 1076, 1148, 1112, 1115, 1305, 1128, 1191, 1126, 1276, 1385, 1165, 1046, 1093, 999, 1010, 1252, 1010, 1116, 1070, 1343, 1522, 1290, 1265, 1053, 1101, 1238, 1132, 1069, 1171, 1095, 1013, 1006, 1121, 1092, 1086, 1258, 1449, 1083, 1251, 1334, 1094, 1515, 1178, 1298, 1239, 1256, 1081, 1206, 1157, 1021, 1391, 1476, 1386, 1103, 1113, 1007, 1185, 1427], "episode_rewards": [-19.0, -21.0, -21.0, -20.0, -21.0, -20.0, -21.0, -21.0, -19.0, -19.0, -21.0, -20.0, -21.0, -21.0, -20.0, -19.0, -19.0, -21.0, -20.0, -20.0, -18.0, -21.0, -21.0, -21.0, -21.0, -21.0, -20.0, -21.0, -18.0, -20.0, -20.0, -21.0, -21.0, -21.0, -20.0, -19.0, -19.0, -21.0, -21.0, -20.0, -19.0, -20.0, -19.0, -21.0, -20.0, -20.0, -21.0, -20.0, -20.0, -21.0, -21.0, -20.0, -19.0, -20.0, -20.0, -18.0, -21.0, -20.0, -21.0, -21.0, -19.0, -20.0, -19.0, -21.0, -20.0, -21.0, -21.0, -21.0, -20.0, -21.0, -19.0, -20.0, -20.0, -21.0, -20.0, -21.0, -21.0, -20.0, -21.0, -21.0, -20.0, -21.0, -20.0, -21.0, -20.0, -18.0, -20.0, -21.0, -21.0, -21.0, -21.0, -20.0, -21.0, -20.0, -21.0, -20.0, -18.0, -19.0, -20.0, -21.0, -20.0, -20.0, -21.0, -21.0, -20.0, -21.0, -21.0, -21.0, -21.0, -21.0, -21.0, -21.0, -18.0, -21.0, -20.0, -20.0, -21.0, -18.0, -21.0, -19.0, -20.0, -21.0, -21.0, -20.0, -21.0, -21.0, -20.0, -19.0, -19.0, -20.0, -20.0, -21.0, -21.0, -20.0], "episode_types": ["t", "t", "t", "t", "t", "t", "t", "t", "t", "t", "t", "t", "t", "t", "t", "t", "t", "t", "t", "t", "t", "t", "t", "t", "t", "t", "t", "t", "t", "t", "t", "t", "t", "t", "t", "t", "t", "t", "t", "t", "t", "t", "t", "t", "t", "t", "t", "t", "t", "t", "t", "t", "t", "t", "t", "t", "t", "t", "t", "t", "t", "t", "t", "t", "t", "t", "t", "t", "t", "t", "t", "t", "t", "t", "t", "t", "t", "t", "t", "t", "t", "t", "t", "t", "t", "t", "t", "t", "t", "t", "t", "t", "t", "t", "t", "t", "t", "t", "t", "t", "t", "t", "t", "t", "t", "t", "t", "t", "t", "t", "t", "t", "t", "t", "t", "t", "t", "t", "t", "t", "t", "t", "t", "t", "t", "t", "t", "t", "t", "t", "t", "t", "t", "t", "t"]}